{
	"info": {
		"_postman_id": "30aa5834-b06c-498c-a7ee-829af6d7829e",
		"name": "Customer",
		"schema": "https://schema.getpostman.com/json/collection/v2.1.0/collection.json"
	},
	"item": [
		{
			"name": "getAllCustomers",
			"request": {
				"auth": {
					"type": "bearer",
					"bearer": [
						{
							"key": "token",
							"value": "eyJhbGciOiJIUzI1NiJ9.eyJzdWIiOiJ0YXJlcUBnbWFpbC5jb20iLCJpYXQiOjE2ODgyOTY0NjgsImV4cCI6MTY4ODI5NzkwOH0.nCZK2DTcZ-yTRRtDra92MOnO7iBeoXbk2dzwFKlnqOA",
							"type": "string"
						}
					]
				},
				"method": "GET",
				"header": [],
				"url": {
					"raw": "http://localhost:8081/customers",
					"protocol": "http",
					"host": [
						"localhost"
					],
					"port": "8081",
					"path": [
						"customers"
					]
				}
			},
			"response": []
		},
		{
			"name": "getCustomerByID",
			"request": {
				"auth": {
					"type": "bearer",
					"bearer": [
						{
							"key": "token",
							"value": "eyJhbGciOiJIUzI1NiJ9.eyJzdWIiOiJ0YXJlcUBnbWFpbC5jb20iLCJpYXQiOjE2ODgyOTY0NjgsImV4cCI6MTY4ODI5NzkwOH0.nCZK2DTcZ-yTRRtDra92MOnO7iBeoXbk2dzwFKlnqOA",
							"type": "string"
						}
					]
				},
				"method": "GET",
				"header": [],
				"url": {
					"raw": "http://localhost:8081/customers/1",
					"protocol": "http",
					"host": [
						"localhost"
					],
					"port": "8081",
					"path": [
						"customers",
						"1"
					]
				}
			},
			"response": []
		},
		{
			"name": "createCustomer",
			"request": {
				"auth": {
					"type": "bearer",
					"bearer": [
						{
							"key": "token",
							"value": "eyJhbGciOiJIUzI1NiJ9.eyJzdWIiOiJ0YXJlcUBnbWFpbC5jb20iLCJpYXQiOjE2ODgyOTc0NTMsImV4cCI6MTY4ODI5ODg5M30.vGJnQJAhBB11OGolk6iRKM3BudXaxhhGf1i214RCgCA",
							"type": "string"
						}
					]
				},
				"method": "POST",
				"header": [],
				"body": {
					"mode": "raw",
					"raw": "{\r\n    \"id\": 123,\r\n    \"firstName\": \"tareq\",\r\n    \"lastName\": \"khanfar\",\r\n    \"bornAt\": \"2000-01-01\"\r\n}\r\n",
					"options": {
						"raw": {
							"language": "json"
						}
					}
				},
				"url": {
					"raw": "http://localhost:8081/customers",
					"protocol": "http",
					"host": [
						"localhost"
					],
					"port": "8081",
					"path": [
						"customers"
					]
				}
			},
			"response": []
		},
		{
			"name": "deleteCustomer",
			"request": {
				"auth": {
					"type": "bearer",
					"bearer": [
						{
							"key": "token",
							"value": "eyJhbGciOiJIUzI1NiJ9.eyJzdWIiOiJ0YXJlcUBnbWFpbC5jb20iLCJpYXQiOjE2ODgyOTY0NjgsImV4cCI6MTY4ODI5NzkwOH0.nCZK2DTcZ-yTRRtDra92MOnO7iBeoXbk2dzwFKlnqOA",
							"type": "string"
						}
					]
				},
				"method": "DELETE",
				"header": [],
				"url": {
					"raw": "http://localhost:8081/customers/1",
					"protocol": "http",
					"host": [
						"localhost"
					],
					"port": "8081",
					"path": [
						"customers",
						"1"
					]
				}
			},
			"response": []
		},
		{
			"name": "updateCustomer",
			"request": {
				"auth": {
					"type": "bearer",
					"bearer": [
						{
							"key": "token",
							"value": "eyJhbGciOiJIUzI1NiJ9.eyJzdWIiOiJ0YXJlcUBnbWFpbC5jb20iLCJpYXQiOjE2ODgyOTc0NTMsImV4cCI6MTY4ODI5ODg5M30.vGJnQJAhBB11OGolk6iRKM3BudXaxhhGf1i214RCgCA",
							"type": "string"
						}
					]
				},
				"method": "PUT",
				"header": [],
				"body": {
					"mode": "raw",
					"raw": "{\r\n    \"id\": 123,\r\n    \"firstName\": \"tareq\",\r\n    \"lastName\": \"abdullah khanfar\",\r\n    \"bornAt\": \"2000-01-01\"\r\n}\r\n",
					"options": {
						"raw": {
							"language": "json"
						}
					}
				},
				"url": {
					"raw": "http://localhost:8081/customers/123",
					"protocol": "http",
					"host": [
						"localhost"
					],
					"port": "8081",
					"path": [
						"customers",
						"123"
					]
				}
			},
			"response": []
		}
	]
}