{
	"info": {
		"_postman_id": "cf2d14df-0384-4e1c-927a-e1bae4b5fe96",
		"name": "Order",
		"schema": "https://schema.getpostman.com/json/collection/v2.1.0/collection.json"
	},
	"item": [
		{
			"name": "getAllOrders",
			"request": {
				"auth": {
					"type": "bearer",
					"bearer": [
						{
							"key": "token",
							"value": "eyJhbGciOiJIUzI1NiJ9.eyJzdWIiOiJ0YXJlcUBnbWFpbC5jb20iLCJpYXQiOjE2ODgzMjA3NTksImV4cCI6MTY4ODMyMjE5OX0.5xWKMp5eZc9UBzr-nO14x5oRjIIvrvPe5SPVWVJPSis",
							"type": "string"
						}
					]
				},
				"method": "GET",
				"header": [],
				"url": {
					"raw": "http://localhost:8081/orders",
					"protocol": "http",
					"host": [
						"localhost"
					],
					"port": "8081",
					"path": [
						"orders"
					]
				}
			},
			"response": []
		},
		{
			"name": "getOrderById",
			"request": {
				"auth": {
					"type": "bearer",
					"bearer": [
						{
							"key": "token",
							"value": "eyJhbGciOiJIUzI1NiJ9.eyJzdWIiOiJ0YXJlcUBnbWFpbC5jb20iLCJpYXQiOjE2ODgzMjA3NTksImV4cCI6MTY4ODMyMjE5OX0.5xWKMp5eZc9UBzr-nO14x5oRjIIvrvPe5SPVWVJPSis",
							"type": "string"
						}
					]
				},
				"method": "GET",
				"header": [],
				"url": {
					"raw": "http://localhost:8081/orders/2",
					"protocol": "http",
					"host": [
						"localhost"
					],
					"port": "8081",
					"path": [
						"orders",
						"2"
					]
				}
			},
			"response": []
		},
		{
			"name": "createOrder",
			"request": {
				"auth": {
					"type": "bearer",
					"bearer": [
						{
							"key": "token",
							"value": "eyJhbGciOiJIUzI1NiJ9.eyJzdWIiOiJ0YXJlcUBnbWFpbC5jb20iLCJpYXQiOjE2ODgzMjE5MTUsImV4cCI6MTY4ODMyMzM1NX0.IHT4PoJPmq_m7nMkl4NHW_XiKwfumDRjAw9gvzB3xBM",
							"type": "string"
						}
					]
				},
				"method": "POST",
				"header": [],
				"body": {
					"mode": "raw",
					"raw": "{\r\n    \"id\": 1002,\r\n    \"orderedAt\": \"2023-07-02T12:30:00\",\r\n    \"customer\": {\r\n        \"id\": 2,\r\n        \"firstName\": \"John\",\r\n        \"lastName\": \"Doe\",\r\n        \"email\": \"john.doe@example.com\"\r\n    }\r\n}\r\n",
					"options": {
						"raw": {
							"language": "json"
						}
					}
				},
				"url": {
					"raw": "http://localhost:8081/orders",
					"protocol": "http",
					"host": [
						"localhost"
					],
					"port": "8081",
					"path": [
						"orders"
					]
				}
			},
			"response": []
		},
		{
			"name": "updateOrder",
			"request": {
				"auth": {
					"type": "bearer",
					"bearer": [
						{
							"key": "token",
							"value": "eyJhbGciOiJIUzI1NiJ9.eyJzdWIiOiJ0YXJlcUBnbWFpbC5jb20iLCJpYXQiOjE2ODgzMjE5MTUsImV4cCI6MTY4ODMyMzM1NX0.IHT4PoJPmq_m7nMkl4NHW_XiKwfumDRjAw9gvzB3xBM",
							"type": "string"
						}
					]
				},
				"method": "PUT",
				"header": [],
				"body": {
					"mode": "raw",
					"raw": "{\r\n    \"id\": 1002,\r\n    \"orderedAt\": \"2023-08-02T12:30:00\"\r\n}\r\n",
					"options": {
						"raw": {
							"language": "json"
						}
					}
				},
				"url": {
					"raw": "http://localhost:8081/orders/1002",
					"protocol": "http",
					"host": [
						"localhost"
					],
					"port": "8081",
					"path": [
						"orders",
						"1002"
					]
				}
			},
			"response": []
		},
		{
			"name": "deleteOrder",
			"request": {
				"auth": {
					"type": "bearer",
					"bearer": [
						{
							"key": "token",
							"value": "eyJhbGciOiJIUzI1NiJ9.eyJzdWIiOiJ0YXJlcUBnbWFpbC5jb20iLCJpYXQiOjE2ODgzMjE5MTUsImV4cCI6MTY4ODMyMzM1NX0.IHT4PoJPmq_m7nMkl4NHW_XiKwfumDRjAw9gvzB3xBM",
							"type": "string"
						}
					]
				},
				"method": "DELETE",
				"header": [],
				"url": {
					"raw": "http://localhost:8081/orders/1002",
					"protocol": "http",
					"host": [
						"localhost"
					],
					"port": "8081",
					"path": [
						"orders",
						"1002"
					]
				}
			},
			"response": []
		}
	],
	"auth": {
		"type": "bearer",
		"bearer": [
			{
				"key": "token",
				"value": "eyJhbGciOiJIUzI1NiJ9.eyJzdWIiOiJ0YXJlcUBnbWFpbC5jb20iLCJpYXQiOjE2ODgzMjA3NTksImV4cCI6MTY4ODMyMjE5OX0.5xWKMp5eZc9UBzr-nO14x5oRjIIvrvPe5SPVWVJPSis",
				"type": "string"
			}
		]
	},
	"event": [
		{
			"listen": "prerequest",
			"script": {
				"type": "text/javascript",
				"exec": [
					""
				]
			}
		},
		{
			"listen": "test",
			"script": {
				"type": "text/javascript",
				"exec": [
					""
				]
			}
		}
	]
}