{
	"info": {
		"_postman_id": "77fafaca-a517-46ee-9c5e-059035d7f0e9",
		"name": "Product_Order",
		"schema": "https://schema.getpostman.com/json/collection/v2.1.0/collection.json"
	},
	"item": [
		{
			"name": "getAllProductOrder",
			"request": {
				"auth": {
					"type": "bearer",
					"bearer": [
						{
							"key": "token",
							"value": "eyJhbGciOiJIUzI1NiJ9.eyJzdWIiOiJ0YXJlcUBnbWFpbC5jb20iLCJpYXQiOjE2ODgzMjc4NzgsImV4cCI6MTY4ODMyOTMxOH0.Z-MLKYZfzcXNtvj_6E_bQKg3XQhEbeXvihHYI4NMTEM",
							"type": "string"
						}
					]
				},
				"method": "GET",
				"header": [],
				"url": {
					"raw": "http://localhost:8081/product-orders",
					"protocol": "http",
					"host": [
						"localhost"
					],
					"port": "8081",
					"path": [
						"product-orders"
					]
				}
			},
			"response": []
		},
		{
			"name": "getByProductOrderId",
			"request": {
				"auth": {
					"type": "bearer",
					"bearer": [
						{
							"key": "token",
							"value": "eyJhbGciOiJIUzI1NiJ9.eyJzdWIiOiJ0YXJlcUBnbWFpbC5jb20iLCJpYXQiOjE2ODgzMjc4NzgsImV4cCI6MTY4ODMyOTMxOH0.Z-MLKYZfzcXNtvj_6E_bQKg3XQhEbeXvihHYI4NMTEM",
							"type": "string"
						}
					]
				},
				"method": "GET",
				"header": [],
				"url": {
					"raw": "http://localhost:8081/product-orders/3/2",
					"protocol": "http",
					"host": [
						"localhost"
					],
					"port": "8081",
					"path": [
						"product-orders",
						"3",
						"2"
					]
				}
			},
			"response": []
		},
		{
			"name": "New Request",
			"request": {
				"method": "GET",
				"header": []
			},
			"response": []
		}
	],
	"auth": {
		"type": "bearer",
		"bearer": [
			{
				"key": "token",
				"value": "eyJhbGciOiJIUzI1NiJ9.eyJzdWIiOiJ0YXJlcUBnbWFpbC5jb20iLCJpYXQiOjE2ODgzMjE5MTUsImV4cCI6MTY4ODMyMzM1NX0.IHT4PoJPmq_m7nMkl4NHW_XiKwfumDRjAw9gvzB3xBM",
				"type": "string"
			}
		]
	},
	"event": [
		{
			"listen": "prerequest",
			"script": {
				"type": "text/javascript",
				"exec": [
					""
				]
			}
		},
		{
			"listen": "test",
			"script": {
				"type": "text/javascript",
				"exec": [
					""
				]
			}
		}
	]
}