{
	"info": {
		"_postman_id": "4b3a58d3-917a-4779-8c75-af466b7af4a9",
		"name": "Products",
		"schema": "https://schema.getpostman.com/json/collection/v2.1.0/collection.json"
	},
	"item": [
		{
			"name": "getAllProducts",
			"request": {
				"auth": {
					"type": "bearer",
					"bearer": [
						{
							"key": "token",
							"value": "eyJhbGciOiJIUzI1NiJ9.eyJzdWIiOiJ0YXJlcUBnbWFpbC5jb20iLCJpYXQiOjE2ODgzMjA3NTksImV4cCI6MTY4ODMyMjE5OX0.5xWKMp5eZc9UBzr-nO14x5oRjIIvrvPe5SPVWVJPSis",
							"type": "string"
						}
					]
				},
				"method": "GET",
				"header": [],
				"url": {
					"raw": "http://localhost:8081/products",
					"protocol": "http",
					"host": [
						"localhost"
					],
					"port": "8081",
					"path": [
						"products"
					]
				}
			},
			"response": []
		},
		{
			"name": "getProductById",
			"request": {
				"auth": {
					"type": "bearer",
					"bearer": [
						{
							"key": "token",
							"value": "eyJhbGciOiJIUzI1NiJ9.eyJzdWIiOiJ0YXJlcUBnbWFpbC5jb20iLCJpYXQiOjE2ODgzMjA3NTksImV4cCI6MTY4ODMyMjE5OX0.5xWKMp5eZc9UBzr-nO14x5oRjIIvrvPe5SPVWVJPSis",
							"type": "string"
						}
					]
				},
				"method": "GET",
				"header": [],
				"url": {
					"raw": "http://localhost:8081/products/1",
					"protocol": "http",
					"host": [
						"localhost"
					],
					"port": "8081",
					"path": [
						"products",
						"1"
					]
				}
			},
			"response": []
		},
		{
			"name": "deleteProductById",
			"request": {
				"auth": {
					"type": "bearer",
					"bearer": [
						{
							"key": "token",
							"value": "eyJhbGciOiJIUzI1NiJ9.eyJzdWIiOiJ0YXJlcUBnbWFpbC5jb20iLCJpYXQiOjE2ODgzMjA3NTksImV4cCI6MTY4ODMyMjE5OX0.5xWKMp5eZc9UBzr-nO14x5oRjIIvrvPe5SPVWVJPSis",
							"type": "string"
						}
					]
				},
				"method": "DELETE",
				"header": [],
				"url": {
					"raw": "http://localhost:8081/products/1",
					"protocol": "http",
					"host": [
						"localhost"
					],
					"port": "8081",
					"path": [
						"products",
						"1"
					]
				}
			},
			"response": []
		},
		{
			"name": "createProduct",
			"request": {
				"auth": {
					"type": "bearer",
					"bearer": [
						{
							"key": "token",
							"value": "eyJhbGciOiJIUzI1NiJ9.eyJzdWIiOiJ0YXJlcUBnbWFpbC5jb20iLCJpYXQiOjE2ODgzMjA3NTksImV4cCI6MTY4ODMyMjE5OX0.5xWKMp5eZc9UBzr-nO14x5oRjIIvrvPe5SPVWVJPSis",
							"type": "string"
						}
					]
				},
				"method": "POST",
				"header": [],
				"body": {
					"mode": "raw",
					"raw": "{\r\n    \"id\": 101,\r\n    \"slug\": \"product-slug\",\r\n    \"name\": \"Sample Product\",\r\n    \"reference\": \"SP-2023\",\r\n    \"price\": 59.99,\r\n    \"vat\": 0.15,\r\n    \"stockable\": true\r\n}\r\n",
					"options": {
						"raw": {
							"language": "json"
						}
					}
				},
				"url": {
					"raw": "http://localhost:8081/products",
					"protocol": "http",
					"host": [
						"localhost"
					],
					"port": "8081",
					"path": [
						"products"
					]
				}
			},
			"response": []
		},
		{
			"name": "updateProduct",
			"request": {
				"auth": {
					"type": "bearer",
					"bearer": [
						{
							"key": "token",
							"value": "eyJhbGciOiJIUzI1NiJ9.eyJzdWIiOiJ0YXJlcUBnbWFpbC5jb20iLCJpYXQiOjE2ODgzMjA3NTksImV4cCI6MTY4ODMyMjE5OX0.5xWKMp5eZc9UBzr-nO14x5oRjIIvrvPe5SPVWVJPSis",
							"type": "string"
						}
					]
				},
				"method": "PUT",
				"header": [],
				"body": {
					"mode": "raw",
					"raw": "{\r\n    \"id\": 101,\r\n    \"slug\": \"product-slug\",\r\n    \"name\": \"Sample Product\",\r\n    \"reference\": \"SP-2023\",\r\n    \"price\": 59.99,\r\n    \"vat\": 0.15,\r\n    \"stockable\": true\r\n}\r\n",
					"options": {
						"raw": {
							"language": "json"
						}
					}
				},
				"url": {
					"raw": "http://localhost:8081/products/101",
					"protocol": "http",
					"host": [
						"localhost"
					],
					"port": "8081",
					"path": [
						"products",
						"101"
					]
				}
			},
			"response": []
		}
	]
}