{
	"info": {
		"_postman_id": "d1e3a5af-bf88-4a1f-8a62-c3ce2c378482",
		"name": "Stock",
		"schema": "https://schema.getpostman.com/json/collection/v2.1.0/collection.json"
	},
	"item": [
		{
			"name": "createStock",
			"request": {
				"auth": {
					"type": "bearer",
					"bearer": [
						{
							"key": "token",
							"value": "eyJhbGciOiJIUzI1NiJ9.eyJzdWIiOiJ0YXJlcUBnbWFpbC5jb20iLCJpYXQiOjE2ODgzMjE5MTUsImV4cCI6MTY4ODMyMzM1NX0.IHT4PoJPmq_m7nMkl4NHW_XiKwfumDRjAw9gvzB3xBM",
							"type": "string"
						}
					]
				},
				"method": "POST",
				"header": [],
				"body": {
					"mode": "raw",
					"raw": "{\r\n    \"id\": 202,\r\n    \"quantity\": 5,\r\n    \"updatedAt\": \"2023-07-02T15:45:00\",\r\n    \"productId\": 101\r\n}\r\n",
					"options": {
						"raw": {
							"language": "json"
						}
					}
				},
				"url": {
					"raw": "http://localhost:8081/stocks",
					"protocol": "http",
					"host": [
						"localhost"
					],
					"port": "8081",
					"path": [
						"stocks"
					]
				}
			},
			"response": []
		},
		{
			"name": "getAllStocks",
			"request": {
				"auth": {
					"type": "bearer",
					"bearer": [
						{
							"key": "token",
							"value": "eyJhbGciOiJIUzI1NiJ9.eyJzdWIiOiJ0YXJlcUBnbWFpbC5jb20iLCJpYXQiOjE2ODgzMjE5MTUsImV4cCI6MTY4ODMyMzM1NX0.IHT4PoJPmq_m7nMkl4NHW_XiKwfumDRjAw9gvzB3xBM",
							"type": "string"
						}
					]
				},
				"method": "GET",
				"header": [],
				"url": {
					"raw": "http://localhost:8081/stocks",
					"protocol": "http",
					"host": [
						"localhost"
					],
					"port": "8081",
					"path": [
						"stocks"
					]
				}
			},
			"response": []
		},
		{
			"name": "getStockById",
			"request": {
				"auth": {
					"type": "bearer",
					"bearer": [
						{
							"key": "token",
							"value": "eyJhbGciOiJIUzI1NiJ9.eyJzdWIiOiJ0YXJlcUBnbWFpbC5jb20iLCJpYXQiOjE2ODgzMjE5MTUsImV4cCI6MTY4ODMyMzM1NX0.IHT4PoJPmq_m7nMkl4NHW_XiKwfumDRjAw9gvzB3xBM",
							"type": "string"
						}
					]
				},
				"method": "GET",
				"header": [],
				"url": {
					"raw": "http://localhost:8081/stocks/202",
					"protocol": "http",
					"host": [
						"localhost"
					],
					"port": "8081",
					"path": [
						"stocks",
						"202"
					]
				}
			},
			"response": []
		},
		{
			"name": "updateStock",
			"request": {
				"auth": {
					"type": "bearer",
					"bearer": [
						{
							"key": "token",
							"value": "eyJhbGciOiJIUzI1NiJ9.eyJzdWIiOiJ0YXJlcUBnbWFpbC5jb20iLCJpYXQiOjE2ODgzMjE5MTUsImV4cCI6MTY4ODMyMzM1NX0.IHT4PoJPmq_m7nMkl4NHW_XiKwfumDRjAw9gvzB3xBM",
							"type": "string"
						}
					]
				},
				"method": "PUT",
				"header": [],
				"body": {
					"mode": "raw",
					"raw": "{\r\n    \"id\": 202,\r\n    \"quantity\": 6,\r\n    \"updatedAt\": \"2023-07-02T15:45:00\",\r\n    \"productId\": 101\r\n}\r\n",
					"options": {
						"raw": {
							"language": "json"
						}
					}
				},
				"url": {
					"raw": "http://localhost:8081/stocks/202",
					"protocol": "http",
					"host": [
						"localhost"
					],
					"port": "8081",
					"path": [
						"stocks",
						"202"
					]
				}
			},
			"response": []
		},
		{
			"name": "deleteStockbyId",
			"request": {
				"auth": {
					"type": "bearer",
					"bearer": [
						{
							"key": "token",
							"value": "eyJhbGciOiJIUzI1NiJ9.eyJzdWIiOiJ0YXJlcUBnbWFpbC5jb20iLCJpYXQiOjE2ODgzMjE5MTUsImV4cCI6MTY4ODMyMzM1NX0.IHT4PoJPmq_m7nMkl4NHW_XiKwfumDRjAw9gvzB3xBM",
							"type": "string"
						}
					]
				},
				"method": "DELETE",
				"header": [],
				"url": {
					"raw": "http://localhost:8081/stocks/202",
					"protocol": "http",
					"host": [
						"localhost"
					],
					"port": "8081",
					"path": [
						"stocks",
						"202"
					]
				}
			},
			"response": []
		}
	],
	"auth": {
		"type": "bearer",
		"bearer": [
			{
				"key": "token",
				"value": "eyJhbGciOiJIUzI1NiJ9.eyJzdWIiOiJ0YXJlcUBnbWFpbC5jb20iLCJpYXQiOjE2ODgzMjA3NTksImV4cCI6MTY4ODMyMjE5OX0.5xWKMp5eZc9UBzr-nO14x5oRjIIvrvPe5SPVWVJPSis",
				"type": "string"
			}
		]
	},
	"event": [
		{
			"listen": "prerequest",
			"script": {
				"type": "text/javascript",
				"exec": [
					""
				]
			}
		},
		{
			"listen": "test",
			"script": {
				"type": "text/javascript",
				"exec": [
					""
				]
			}
		}
	]
}